{
    "camera": {
        "convergence": 0.8180000185966492,
        "farPlane": 200.0,
        "nearPlane": 0.10000000149011612,
        "separation": 0.02500000037252903,
        "speedFactor": 1.8910000324249268,
        "useNewStereoMethod": true
    },
    "cursor": {
        "currentPreset": "Test"
    },
    "ui": {
        "darkTheme": true,
        "show3DCursor": true,
        "showFPS": true
    }
}
