{
    "camera": {
        "convergence": -0.9089999794960022,
        "farPlane": 250.0,
        "nearPlane": 0.10000000149011612,
        "separation": 0.004000000189989805,
        "speedFactor": 0.9670000076293945,
        "useNewStereoMethod": true
    },
    "cursor": {
        "currentPreset": "Test"
    },
    "ui": {
        "darkTheme": true,
        "show3DCursor": true,
        "showFPS": true
    }
}
