{
    "camera": {
        "convergence": 2.9769999980926514,
        "farPlane": 250.0,
        "fov": 45.775001525878906,
        "maxScrollVelocity": 3.0,
        "nearPlane": 0.10000000149011612,
        "scrollDeceleration": 5.0,
        "scrollMomentum": 0.5699999928474426,
        "separation": 0.014000000432133675,
        "speedFactor": 1.090000033378601,
        "useNewStereoMethod": true,
        "useSmoothScrolling": true
    },
    "cursor": {
        "currentPreset": "only 3D"
    },
    "ui": {
        "darkTheme": true,
        "show3DCursor": true,
        "showFPS": true
    }
}
